Núm.,Institución,ISI                                                                                                  (Documentos),,,,,,,,,,,,,,,,,,,,,,,,,,,,,,,,,,,,,,,,,,,,,,,,,,,,,,,,,,,,,,,,,,,,,,,,,,,,,,,,,,,,,,
,,Producción Institucional,,,,,,,,Análisis por autor,,,,,,,,,,,,,,,,,,,,Colaboraciones,,,,,,,,,,,,,,,,,,,,,,,,,,,,,,,,,,,,Citas,,,,,,,,,,,,,,,,,,,,,,
,,,,,,,,,,Primeros autores,,,Autorías por institución,,Primeros autores,,,Autorías por institución,,Primeros autores,,,Autorías por institución,,Primeros autores,,,Autorías por institución,,Totales,,,Totales,,,Totales,,,Totales,,,Nacional,,,Nacional,,,Nacional,,,Nacional,,,Internacional,,,Internacional,,,Internacional,,,Internacional,,,,,,,,,,,,,,,,,,,,,,,,,
,,Total,,SCI,,SSCI,,AHCI,,Total,,,Total,,SCI,,,SCI,,SSCI,,,SSCI,,AHCI,,,AHCI,,Total,,,SCI,,,SSCI,,,AHCI,,,Total,,,SCI,,,SSCI,,,AHCI,,,Total,,,SCI,,,SSCI,,,AHCI,,,Total,,,,,SCI,,,,,SSCI,,,,,AHCI,,,,,,,
,,Núm.,%Nal.,Núm.,%Nal.,Núm.,%Nal.,Núm.,%Nal.,Núm.,%Nal.,%Inst.,Núm.,%Aut.Nal.,Núm.,%Nal.,%Inst.,Núm.,%Aut.Nal.,Núm.,%Nal.,%Inst.,Núm.,%Aut.Nal.,Núm.,%Nal.,%Inst.,Núm.,%Aut.Nal.,Núm.,%Nal.,%Inst.,Núm.,%Nal.,%Inst.,Núm.,%Nal.,%Inst.,Núm.,%Nal.,%Inst.,Núm.,%Nal.,%Inst.,Núm.,%Nal.,%Inst.,Núm.,%Nal.,%Inst.,Núm.,%Nal.,%Inst.,Núm.,%Nal.,%Inst.,Núm.,%Nal.,%Inst.,Núm.,%Nal.,%Inst.,Núm.,%Nal.,%Inst.,Núm.,%Nal.,%Inst.,Núm.,?,Núm.,%Nal.,%Inst.,Núm.,?,Núm.,%Nal.,%Inst.,Núm.,?,Núm.,%Nal.,%Inst.,Núm.,?,,,
,Total*,18366,100,17193,100,2012,100,311,100,18366,100,100,63751,100,17193,100,100,61812,100,2012,100,100,2905,100,311,100,100,328,100,7623,100,41.5,7362,100,42.8,623,100,31,33,100,10.6,7596,100,41.4,7337,100,42.7,621,100,30.9,32,100,10.3,32,100,0.2,30,100,0.2,4,100,0.2,1,100,0.3,9157,100,49.86,35452,3.9,8849,100,51.47,34798,3.9,842,100,41.85,3368,4,34,100,10.93,65,1.9,,,
,Selección**,13997,76.21,13193,76.73,636,31.61,168,54.02,12111,65.94,86.53,41292,64.75,11373,66.15,86.2,40189,65.04,1107,55.02,174.06,1412,48.63,230,73.95,136.9,236,71.87,894,154.6,10098.8,11488,156.3,10029.91,741,118.3,11017.1,48,145.4,8265.09,11790,155.3,10121.74,11486,156.8,10051.99,741,119.2,11052.75,48,149.9,8505.83,6,18.6,700,6,19.8,700,3,75,4200,0,0,0,9875,107.8,5565.44,35722,4517.95,9653,109.3,5532.58,35312,4528.21,633,75.7,5088.2,2050,3200,34,99.9,4427.72,64,957.89,,,
1,UNIVERSIDAD NACIONAL AUTONOMA DE MEXICO,5046,27.5,4796,27.9,406,20.2,114,36.7,3631,19.8,71.96,9917,15.56,3412,19.8,71.14,9630,15.58,309,15.4,76.11,360,12.39,104,33.4,91.23,104,31.71,2454,32.2,48.6,2393,32.5,49.9,178,28.6,43.8,16,48.5,14,2454,32.3,48.6,2393,32.6,49.9,178,28.7,43.8,16,50,14,1,3.1,0,1,3.3,0,1,25,0.2,0,0,0,2769,30.2,54.88,10451,3.8,2723,30.8,56.78,10367,3.8,186,22.1,45.81,521,2.8,18,52.9,15.79,40,2.2,,,
2,INSTITUTO POLITECNICO NACIONAL,2058,11.2,2029,11.8,67,3.3,3,1,1357,7.4,65.94,4126,6.47,1334,7.8,65.75,4084,6.61,49,2.4,73.13,65,2.24,2,0.6,66.67,0,0,1364,17.9,66.3,1356,18.4,66.8,31,5,46.3,2,6.1,66.7,1364,18,66.3,1356,18.5,66.8,31,5,46.3,2,6.3,66.7,0,0,0,0,0,0,0,0,0,0,0,0,1132,12.4,55,4102,3.6,1123,12.7,55.35,4082,3.6,30,3.6,44.78,106,3.5,2,5.9,66.67,4,2,,,
3,UNIVERSIDAD AUTONOMA DE NUEVO LEON,871,4.7,829,4.8,85,4.2,0,0,621,3.4,71.3,2069,3.25,589,3.4,71.05,1977,3.2,64,3.2,75.29,119,4.1,0,0,0,0,0,451,5.9,51.8,433,5.9,52.2,37,5.9,43.5,0,0,0,451,5.9,51.8,433,5.9,52.2,37,6,43.5,0,0,0,0,0,0,0,0,0,0,0,0,0,0,0,392,4.3,45.01,1159,3,386,4.4,46.56,1150,3,29,3.4,34.12,52,1.8,0,0,0,0,0,,,
4,UNIVERSIDAD AUTONOMA METROPOLITANA,860,4.7,817,4.8,68,3.4,20,6.4,490,2.7,56.98,1488,2.33,454,2.6,55.57,1445,2.34,41,2,60.29,60,2.07,20,6.4,100,17,5.18,586,7.7,68.1,574,7.8,70.3,37,5.9,54.4,0,0,0,586,7.7,68.1,574,7.8,70.3,37,6,54.4,0,0,0,0,0,0,0,0,0,0,0,0,0,0,0,434,4.7,50.47,2079,4.8,429,4.8,52.51,2069,4.8,28,3.3,41.18,536,19.1,0,0,0,0,0,,,
5,CENTRO DE INVESTIGACION Y DE ESTUDIOS AVANZADOS DEL IPN,817,4.4,800,4.7,36,1.8,7,2.3,472,2.6,57.77,1844,2.89,462,2.7,57.75,1822,2.95,24,1.2,66.67,33,1.14,4,1.3,57.14,4,1.22,537,7,65.7,527,7.2,65.9,24,3.9,66.7,3,9.1,42.9,537,7.1,65.7,527,7.2,65.9,24,3.9,66.7,3,9.4,42.9,0,0,0,0,0,0,0,0,0,0,0,0,482,5.3,59,1623,3.4,477,5.4,59.63,1615,3.4,17,2,47.22,39,2.3,2,5.9,28.57,3,1.5,,,
6,UNIVERSIDAD DE GUADALAJARA,749,4.1,703,4.1,108,5.4,5,1.6,484,2.6,64.62,1479,2.32,445,2.6,63.3,1410,2.28,83,4.1,76.85,103,3.55,5,1.6,100,3,0.91,461,6,61.5,445,6,63.3,57,9.1,52.8,0,0,0,460,6.1,61.4,444,6.1,63.2,57,9.2,52.8,0,0,0,1,3.1,0.1,1,3.3,0.1,0,0,0,0,0,0,310,3.4,41.39,1094,3.5,299,3.4,42.53,1079,3.6,31,3.7,28.7,76,2.5,0,0,0,0,0,,,
7,SISTEMA INSTITUTO TECNOLOGICO Y DE ESTUDIOS SUPERIORES DE MONTERREY,687,3.7,628,3.7,91,4.5,10,3.2,532,2.9,77.44,1571,2.46,476,2.8,75.8,1498,2.42,81,4,89.01,100,3.44,10,3.2,100,11,3.35,269,3.5,39.2,262,3.6,41.7,19,3,20.9,0,0,0,269,3.5,39.2,262,3.6,41.7,19,3.1,20.9,0,0,0,0,0,0,0,0,0,0,0,0,0,0,0,403,4.4,58.66,1620,4,376,4.2,59.87,1573,4.2,54,6.4,59.34,145,2.7,0,0,0,0,0,,,
8,BENEMERITA UNIVERSIDAD AUTONOMA DE PUEBLA,668,3.6,647,3.8,26,1.3,8,2.6,362,2,54.19,1778,2.79,346,2,53.48,1745,2.82,15,0.7,57.69,19,0.65,6,1.9,75,19,5.79,485,6.4,72.6,475,6.5,73.4,13,2.1,50,5,15.2,62.5,485,6.4,72.6,475,6.5,73.4,13,2.1,50,5,15.6,62.5,0,0,0,0,0,0,0,0,0,0,0,0,427,4.7,63.92,2100,4.9,423,4.8,65.38,2095,5,10,1.2,38.46,34,3.4,2,5.9,25,2,1,,,
9,UNIVERSIDAD AUTONOMA DE SAN LUIS POTOSI,568,3.1,552,3.2,31,1.5,4,1.3,315,1.7,55.46,1456,2.28,304,1.8,55.07,1433,2.32,22,1.1,70.97,34,1.17,3,1,75,3,0.91,400,5.2,70.4,391,5.3,70.8,19,3,61.3,3,9.1,75,400,5.3,70.4,391,5.3,70.8,19,3.1,61.3,3,9.4,75,0,0,0,0,0,0,0,0,0,0,0,0,322,3.5,56.69,1618,5,318,3.6,57.61,1611,5.1,9,1.1,29.03,14,1.6,2,5.9,50,3,1.5,,,
10,UNIVERSIDAD DE GUANAJUATO,459,2.5,443,2.6,20,1,5,1.6,328,1.8,71.46,1001,1.57,315,1.8,71.11,982,1.59,11,0.5,55,18,0.62,5,1.6,100,5,1.52,242,3.2,52.7,237,3.2,53.5,11,1.8,55,0,0,0,242,3.2,52.7,237,3.2,53.5,11,1.8,55,0,0,0,0,0,0,0,0,0,0,0,0,0,0,0,276,3,60.13,949,3.4,275,3.1,62.08,948,3.4,7,0.8,35,17,2.4,0,0,0,0,0,,,
11,UNIVERSIDAD AUTONOMA DEL ESTADO DE MEXICO,452,2.5,436,2.5,31,1.5,4,1.3,286,1.6,63.27,925,1.45,273,1.6,62.61,911,1.47,19,0.9,61.29,20,0.69,4,1.3,100,5,1.52,325,4.3,71.9,319,4.3,73.2,19,3,61.3,1,3,25,325,4.3,71.9,319,4.3,73.2,19,3.1,61.3,1,3.1,25,1,3.1,0.2,1,3.3,0.2,1,25,3.2,0,0,0,195,2.1,43.14,624,3.2,191,2.2,43.81,617,3.2,15,1.8,48.39,41,2.7,1,2.9,25,4,4,,,
12,UNIVERSIDAD MICHOACANA DE SAN NICOLAS DE HIDALGO,365,2,356,2.1,13,0.6,5,1.6,212,1.2,58.08,840,1.32,205,1.2,57.58,827,1.34,7,0.3,53.85,12,0.41,5,1.6,100,5,1.52,246,3.2,67.4,243,3.3,68.3,7,1.1,53.8,0,0,0,246,3.2,67.4,243,3.3,68.3,7,1.1,53.8,0,0,0,0,0,0,0,0,0,0,0,0,0,0,0,195,2.1,53.42,667,3.4,194,2.2,54.49,666,3.4,4,0.5,30.77,9,2.3,0,0,0,0,0,,,
13,UNIVERSIDAD AUTONOMA DEL ESTADO DE MORELOS,351,1.9,344,2,20,1,1,0.3,178,1,50.71,653,1.02,174,1,50.58,646,1.05,8,0.4,40,13,0.45,1,0.3,100,1,0.3,261,3.4,74.4,258,3.5,75,14,2.2,70,0,0,0,261,3.4,74.4,258,3.5,75,14,2.3,70,0,0,0,1,3.1,0.3,1,3.3,0.3,1,25,5,0,0,0,185,2,52.71,404,2.2,183,2.1,53.2,401,2.2,8,1,40,12,1.5,0,0,0,0,0,,,
14,UNIVERSIDAD AUTONOMA DE BAJA CALIFORNIA,338,1.8,321,1.9,45,2.2,2,0.6,208,1.1,61.54,699,1.1,195,1.1,60.75,684,1.11,30,1.5,66.67,33,1.14,1,0.3,50,2,0.61,226,3,66.9,217,2.9,67.6,28,4.5,62.2,1,3,50,226,3,66.9,217,3,67.6,28,4.5,62.2,1,3.1,50,0,0,0,0,0,0,0,0,0,0,0,0,159,1.7,47.04,417,2.6,152,1.7,47.35,403,2.7,15,1.8,33.33,25,1.7,0,0,0,0,0,,,
15,UNIVERSIDAD VERACRUZANA,321,1.7,310,1.8,42,2.1,4,1.3,192,1,59.81,518,0.81,182,1.1,58.71,503,0.81,34,1.7,80.95,29,1,4,1.3,100,2,0.61,228,3,71,225,3.1,72.6,20,3.2,47.6,0,0,0,228,3,71,225,3.1,72.6,20,3.2,47.6,0,0,0,0,0,0,0,0,0,0,0,0,0,0,0,154,1.7,47.98,408,2.6,152,1.7,49.03,406,2.7,18,2.1,42.86,40,2.2,0,0,0,0,0,,,
16,COLEGIO DE POSGRADUADOS,310,1.7,304,1.8,15,0.7,2,0.6,184,1,59.35,657,1.03,180,1,59.21,653,1.06,9,0.4,60,8,0.28,2,0.6,100,0,0,245,3.2,79,243,3.3,79.9,9,1.4,60,0,0,0,245,3.2,79,243,3.3,79.9,9,1.4,60,0,0,0,1,3.1,0.3,1,3.3,0.3,0,0,0,0,0,0,92,1,29.68,236,2.6,92,1,30.26,236,2.6,4,0.5,26.67,9,2.3,0,0,0,0,0,,,
17,UNIVERSIDAD AUTONOMA DE SINALOA,301,1.6,296,1.7,9,0.4,0,0,162,0.9,53.82,725,1.14,159,0.9,53.72,717,1.16,4,0.2,44.44,9,0.31,0,0,0,0,0,237,3.1,78.7,234,3.2,79.1,7,1.1,77.8,0,0,0,237,3.1,78.7,234,3.2,79.1,7,1.1,77.8,0,0,0,0,0,0,0,0,0,0,0,0,0,0,0,143,1.6,47.51,418,2.9,141,1.6,47.64,413,2.9,5,0.6,55.56,11,2.2,0,0,0,0,0,,,
18,UNIVERSIDAD AUTONOMA DEL ESTADO DE HIDALGO,277,1.5,270,1.6,13,0.6,1,0.3,162,0.9,58.48,584,0.92,159,0.9,58.89,573,0.93,8,0.4,61.54,15,0.52,0,0,0,0,0,209,2.7,75.5,204,2.8,75.6,9,1.4,69.2,1,3,100,209,2.8,75.5,204,2.8,75.6,9,1.4,69.2,1,3.1,100,0,0,0,0,0,0,0,0,0,0,0,0,145,1.6,52.35,428,3,144,1.6,53.33,425,3,4,0.5,30.77,7,1.8,1,2.9,100,2,2,,,
19,UNIVERSIDAD DE SONORA,245,1.3,241,1.4,9,0.4,0,0,155,0.8,63.27,514,0.81,151,0.9,62.66,498,0.81,8,0.4,88.89,18,0.62,0,0,0,0,0,185,2.4,75.5,184,2.5,76.3,2,0.3,22.2,0,0,0,185,2.4,75.5,184,2.5,76.3,2,0.3,22.2,0,0,0,0,0,0,0,0,0,0,0,0,0,0,0,130,1.4,53.06,358,2.8,129,1.5,53.53,357,2.8,4,0.5,44.44,7,1.8,0,0,0,0,0,,,
20,UNIVERSIDAD AUTONOMA DE QUERETARO,240,1.3,236,1.4,12,0.6,3,1,144,0.8,60,518,0.81,141,0.8,59.75,514,0.83,7,0.3,58.33,5,0.17,2,0.6,66.67,3,0.91,170,2.2,70.8,169,2.3,71.6,7,1.1,58.3,1,3,33.3,170,2.2,70.8,169,2.3,71.6,7,1.1,58.3,1,3.1,33.3,0,0,0,0,0,0,0,0,0,0,0,0,129,1.4,53.75,377,2.9,129,1.5,54.66,377,2.9,8,1,66.67,16,2,0,0,0,0,0,,,
21,UNIVERSIDAD AUTONOMA DE YUCATAN,218,1.2,213,1.2,15,0.7,1,0.3,148,0.8,67.89,503,0.79,143,0.8,67.14,496,0.8,14,0.7,93.33,15,0.52,1,0.3,100,1,0.3,143,1.9,65.6,142,1.9,66.7,6,1,40,0,0,0,142,1.9,65.1,141,1.9,66.2,6,1,40,0,0,0,1,3.1,0.5,1,3.3,0.5,0,0,0,0,0,0,102,1.1,46.79,241,2.4,101,1.1,47.42,240,2.4,8,1,53.33,16,2,0,0,0,0,0,,,
22,SISTEMA UNIVERSIDAD IBEROAMERICANA,187,1,157,0.9,31,1.5,7,2.3,54,0.3,28.88,2718,4.26,30,0.2,19.11,2681,4.34,26,1.3,83.87,35,1.2,3,1,42.86,7,2.13,148,1.9,79.1,136,1.8,86.6,10,1.6,32.3,6,18.2,85.7,148,1.9,79.1,136,1.9,86.6,10,1.6,32.3,6,18.8,85.7,0,0,0,0,0,0,0,0,0,0,0,0,129,1.4,68.98,1046,8.1,114,1.3,72.61,1012,8.9,15,1.8,48.39,35,2.3,2,5.9,28.57,2,1,,,
23,UNIVERSIDAD AUTONOMA CHAPINGO,163,0.9,159,0.9,9,0.4,0,0,81,0.4,49.69,281,0.44,79,0.5,49.69,276,0.45,4,0.2,44.44,9,0.31,0,0,0,0,0,132,1.7,81,129,1.8,81.1,7,1.1,77.8,0,0,0,132,1.7,81,129,1.8,81.1,7,1.1,77.8,0,0,0,0,0,0,0,0,0,0,0,0,0,0,0,46,0.5,28.22,85,1.8,45,0.5,28.3,84,1.9,3,0.4,33.33,4,1.3,0,0,0,0,0,,,
24,UNIVERSIDAD DE COLIMA,159,0.9,153,0.9,14,0.7,1,0.3,76,0.4,47.8,297,0.47,72,0.4,47.06,291,0.47,9,0.4,64.29,10,0.34,1,0.3,100,0,0,134,1.8,84.3,131,1.8,85.6,9,1.4,64.3,0,0,0,134,1.8,84.3,131,1.8,85.6,9,1.4,64.3,0,0,0,0,0,0,0,0,0,0,0,0,0,0,0,79,0.9,49.69,271,3.4,78,0.9,50.98,266,3.4,5,0.6,35.71,11,2.2,0,0,0,0,0,,,
25,UNIVERSIDAD JUAREZ AUTONOMA DE TABASCO,151,0.8,148,0.9,8,0.4,0,0,84,0.5,55.63,306,0.48,82,0.5,55.41,299,0.48,6,0.3,75,15,0.52,0,0,0,0,0,117,1.5,77.5,115,1.6,77.7,7,1.1,87.5,0,0,0,117,1.5,77.5,115,1.6,77.7,7,1.1,87.5,0,0,0,0,0,0,0,0,0,0,0,0,0,0,0,71,0.8,47.02,177,2.5,71,0.8,47.97,177,2.5,1,0.1,12.5,2,2,0,0,0,0,0,,,
26,UNIVERSIDAD AUTONOMA DE ZACATECAS,139,0.8,129,0.8,11,0.5,6,1.9,85,0.5,61.15,237,0.37,75,0.4,58.14,227,0.37,6,0.3,54.55,5,0.17,5,1.6,83.33,6,1.83,96,1.3,69.1,95,1.3,73.6,6,1,54.5,1,3,16.7,96,1.3,69.1,95,1.3,73.6,6,1,54.5,1,3.1,16.7,0,0,0,0,0,0,0,0,0,0,0,0,56,0.6,40.29,134,2.4,55,0.6,42.64,133,2.4,4,0.5,36.36,5,1.3,0,0,0,0,0,,,
27,UNIVERSIDAD AUTONOMA DE CHIHUAHUA,131,0.7,116,0.7,25,1.2,0,0,63,0.3,48.09,266,0.42,54,0.3,46.55,241,0.39,13,0.6,52,34,1.17,0,0,0,0,0,108,1.4,82.4,97,1.3,83.6,19,3,76,0,0,0,108,1.4,82.4,97,1.3,83.6,19,3.1,76,0,0,0,0,0,0,0,0,0,0,0,0,0,0,0,32,0.3,24.43,56,1.7,32,0.4,27.59,56,1.7,3,0.4,12,3,1,0,0,0,0,0,,,
28,UNIVERSIDAD AUTONOMA DE GUERRERO,124,0.7,118,0.7,12,0.6,2,0.6,80,0.4,64.52,270,0.42,74,0.4,62.71,259,0.42,12,0.6,100,21,0.72,2,0.6,100,2,0.61,76,1,61.3,74,1,62.7,5,0.8,41.7,0,0,0,76,1,61.3,74,1,62.7,5,0.8,41.7,0,0,0,0,0,0,0,0,0,0,0,0,0,0,0,70,0.8,56.45,196,2.8,69,0.8,58.47,195,2.8,8,1,66.67,26,3.3,0,0,0,0,0,,,
29,UNIVERSIDAD AUTONOMA DE COAHUILA,124,0.7,121,0.7,3,0.1,1,0.3,66,0.4,53.23,253,0.4,64,0.4,52.89,251,0.41,1,0,33.33,1,0.03,1,0.3,100,1,0.3,95,1.2,76.6,94,1.3,77.7,2,0.3,66.7,0,0,0,95,1.3,76.6,94,1.3,77.7,2,0.3,66.7,0,0,0,0,0,0,0,0,0,0,0,0,0,0,0,69,0.8,55.65,237,3.4,69,0.8,57.02,237,3.4,0,0,0,0,0,0,0,0,0,0,,,
30,UNIVERSIDAD JUAREZ DEL ESTADO DE DURANGO,120,0.7,118,0.7,6,0.3,1,0.3,65,0.4,54.17,239,0.37,64,0.4,54.24,238,0.39,3,0.1,50,3,0.1,1,0.3,100,1,0.3,97,1.3,80.8,96,1.3,81.4,5,0.8,83.3,0,0,0,97,1.3,80.8,96,1.3,81.4,5,0.8,83.3,0,0,0,0,0,0,0,0,0,0,0,0,0,0,0,54,0.6,45,103,1.9,54,0.6,45.76,103,1.9,1,0.1,16.67,1,1,0,0,0,0,0,,,
31,UNIVERSIDAD AUTONOMA DE CIUDAD JUAREZ,100,0.5,96,0.6,7,0.3,1,0.3,59,0.3,59,188,0.29,55,0.3,57.29,183,0.3,6,0.3,85.71,7,0.24,1,0.3,100,2,0.61,74,1,74,72,1,75,5,0.8,71.4,0,0,0,74,1,74,72,1,75,5,0.8,71.4,0,0,0,0,0,0,0,0,0,0,0,0,0,0,0,49,0.5,49,154,3.1,49,0.6,51.04,154,3.1,3,0.4,42.86,5,1.7,0,0,0,0,0,,,
32,UNIVERSIDAD AUTONOMA AGRARIA ANTONIO NARRO,99,0.5,98,0.6,1,0,0,0,62,0.3,62.63,260,0.41,61,0.4,62.24,259,0.42,1,0,100,1,0.03,0,0,0,0,0,78,1,78.8,77,1,78.6,1,0.2,100,0,0,0,78,1,78.8,77,1,78.6,1,0.2,100,0,0,0,0,0,0,0,0,0,0,0,0,0,0,0,33,0.4,33.33,99,3,32,0.4,32.65,98,3.1,1,0.1,100,1,1,0,0,0,0,0,,,
33,UNIVERSIDAD AUTONOMA DE LA CIUDAD DE MEXICO,99,0.5,82,0.5,18,0.9,2,0.6,53,0.3,53.54,2,0,41,0.2,50,0,0,13,0.6,72.22,0,0,2,0.6,100,2,0.61,75,1,75.8,68,0.9,82.9,9,1.4,50,0,0,0,75,1,75.8,68,0.9,82.9,9,1.4,50,0,0,0,0,0,0,0,0,0,0,0,0,0,0,0,46,0.5,46.46,125,2.7,44,0.5,53.66,123,2.8,4,0.5,22.22,26,6.5,0,0,0,0,0,,,
34,UNIVERSIDAD AUTONOMA DE TAMAULIPAS,98,0.5,89,0.5,17,0.8,0,0,53,0.3,54.08,184,0.29,44,0.3,49.44,176,0.28,14,0.7,82.35,12,0.41,0,0,0,0,0,66,0.9,67.3,64,0.9,71.9,9,1.4,52.9,0,0,0,66,0.9,67.3,64,0.9,71.9,9,1.4,52.9,0,0,0,0,0,0,0,0,0,0,0,0,0,0,0,37,0.4,37.76,101,2.7,30,0.3,33.71,87,2.9,9,1.1,52.94,16,1.8,0,0,0,0,0,,,
35,UNIVERSIDAD AUTONOMA DE NAYARIT,83,0.5,81,0.5,2,0.1,0,0,34,0.2,40.96,151,0.24,33,0.2,40.74,149,0.24,1,0,50,2,0.07,0,0,0,0,0,74,1,89.2,72,1,88.9,2,0.3,100,0,0,0,74,1,89.2,72,1,88.9,2,0.3,100,0,0,0,0,0,0,0,0,0,0,0,0,0,0,0,36,0.4,43.37,128,3.6,36,0.4,44.44,128,3.6,0,0,0,0,0,0,0,0,0,0,,,
36,UNIVERSIDAD AUTONOMA DE AGUASCALIENTES,81,0.4,79,0.5,4,0.2,0,0,52,0.3,64.2,136,0.21,50,0.3,63.29,131,0.21,4,0.2,100,7,0.24,0,0,0,0,0,50,0.7,61.7,48,0.7,60.8,3,0.5,75,0,0,0,50,0.7,61.7,48,0.7,60.8,3,0.5,75,0,0,0,0,0,0,0,0,0,0,0,0,0,0,0,35,0.4,43.21,102,2.9,35,0.4,44.3,102,2.9,0,0,0,0,0,0,0,0,0,0,,,
37,"UNIVERSIDAD DE LAS AMERICAS PUEBLA, AC",76,0.4,71,0.4,7,0.3,1,0.3,46,0.3,60.53,137,0.21,42,0.2,59.15,131,0.21,6,0.3,85.71,6,0.21,1,0.3,100,1,0.3,39,0.5,51.3,37,0.5,52.1,2,0.3,28.6,1,3,100,39,0.5,51.3,37,0.5,52.1,2,0.3,28.6,1,3.1,100,0,0,0,0,0,0,0,0,0,0,0,0,43,0.5,56.58,119,2.8,41,0.5,57.75,117,2.9,3,0.4,42.86,10,3.3,1,2.9,100,1,1,,,
38,INSTITUTO TECNOLOGICO AUTONOMO DE MEXICO,76,0.4,37,0.2,47,2.3,1,0.3,67,0.4,88.16,75,0.12,30,0.2,81.08,37,0.06,44,2.2,93.62,42,1.45,1,0.3,100,0,0,24,0.3,31.6,13,0.2,35.1,13,2.1,27.7,0,0,0,24,0.3,31.6,13,0.2,35.1,13,2.1,27.7,0,0,0,0,0,0,0,0,0,0,0,0,0,0,0,37,0.4,48.68,72,1.9,15,0.2,40.54,31,2.1,25,3,53.19,52,2.1,0,0,0,0,0,,,
39,UNIVERSIDAD AUTONOMA DE CAMPECHE,76,0.4,73,0.4,9,0.4,0,0,33,0.2,43.42,117,0.18,30,0.2,41.1,113,0.18,6,0.3,66.67,6,0.21,0,0,0,0,0,62,0.8,81.6,62,0.8,84.9,4,0.6,44.4,0,0,0,62,0.8,81.6,62,0.8,84.9,4,0.6,44.4,0,0,0,0,0,0,0,0,0,0,0,0,0,0,0,30,0.3,39.47,70,2.3,29,0.3,39.73,68,2.3,4,0.5,44.44,8,2,0,0,0,0,0,,,
40,UNIVERSIDAD AUTONOMA DE TLAXCALA,69,0.4,68,0.4,6,0.3,0,0,37,0.2,53.62,143,0.22,37,0.2,54.41,139,0.22,3,0.1,50,7,0.24,0,0,0,0,0,55,0.7,79.7,54,0.7,79.4,6,1,100,0,0,0,55,0.7,79.7,54,0.7,79.4,6,1,100,0,0,0,0,0,0,0,0,0,0,0,0,0,0,0,41,0.4,59.42,126,3.1,41,0.5,60.29,126,3.1,3,0.4,50,7,2.3,0,0,0,0,0,,,
41,SISTEMA UNIVERSIDAD ANAHUAC,64,0.3,44,0.3,19,0.9,5,1.6,29,0.2,45.31,96,0.15,15,0.1,34.09,74,0.12,16,0.8,84.21,18,0.62,1,0.3,20,5,1.52,53,0.7,82.8,41,0.6,93.2,10,1.6,52.6,5,15.2,100,53,0.7,82.8,41,0.6,93.2,10,1.6,52.6,5,15.6,100,0,0,0,0,0,0,0,0,0,0,0,0,30,0.3,46.88,63,2.1,20,0.2,45.45,48,2.4,9,1.1,47.37,14,1.6,2,5.9,40,2,1,,,
42,INSTITUTO TECNOLOGICO DE SONORA,59,0.3,57,0.3,3,0.1,0,0,33,0.2,55.93,124,0.19,31,0.2,54.39,122,0.2,3,0.1,100,2,0.07,0,0,0,0,0,38,0.5,64.4,36,0.5,63.2,3,0.5,100,0,0,0,38,0.5,64.4,36,0.5,63.2,3,0.5,100,0,0,0,0,0,0,0,0,0,0,0,0,0,0,0,32,0.3,54.24,127,4,31,0.4,54.39,124,4,1,0.1,33.33,3,3,0,0,0,0,0,,,
43,UNIVERSIDAD AUTONOMA DE CHIAPAS,58,0.3,57,0.3,2,0.1,0,0,18,0.1,31.03,197,0.31,17,0.1,29.82,196,0.32,1,0,50,2,0.07,0,0,0,0,0,50,0.7,86.2,49,0.7,86,2,0.3,100,0,0,0,50,0.7,86.2,49,0.7,86,2,0.3,100,0,0,0,0,0,0,0,0,0,0,0,0,0,0,0,37,0.4,63.79,185,5,37,0.4,64.91,185,5,0,0,0,0,0,0,0,0,0,0,,,
44,UNIVERSIDAD PANAMERICANA,53,0.3,37,0.2,16,0.8,6,1.9,34,0.2,64.15,83,0.13,22,0.1,59.46,65,0.11,10,0.5,62.5,17,0.59,6,1.9,100,6,1.83,29,0.4,54.7,24,0.3,64.9,7,1.1,43.8,0,0,0,29,0.4,54.7,24,0.3,64.9,7,1.1,43.8,0,0,0,0,0,0,0,0,0,0,0,0,0,0,0,21,0.2,39.62,81,3.9,20,0.2,54.05,80,4,7,0.8,43.75,9,1.3,0,0,0,0,0,,,
45,UNIVERSIDAD AUTONOMA BENITO JUAREZ DE OAXACA,52,0.3,50,0.3,4,0.2,1,0.3,29,0.2,55.77,103,0.16,28,0.2,56,101,0.16,1,0,25,2,0.07,1,0.3,100,1,0.3,42,0.6,80.8,41,0.6,82,3,0.5,75,0,0,0,42,0.6,80.8,41,0.6,82,3,0.5,75,0,0,0,0,0,0,0,0,0,0,0,0,0,0,0,26,0.3,50,75,2.9,26,0.3,52,75,2.9,0,0,0,0,0,0,0,0,0,0,,,
46,EL COLEGIO DE MEXICO,45,0.2,4,0,29,1.4,23,7.4,39,0.2,86.67,34,0.05,4,0,100,2,0,24,1.2,82.76,18,0.62,22,7.1,95.65,15,4.57,10,0.1,22.2,2,0,50,8,1.3,27.6,1,3,4.3,10,0.1,22.2,2,0,50,8,1.3,27.6,1,3.1,4.3,0,0,0,0,0,0,0,0,0,0,0,0,5,0.1,11.11,10,2,2,0,50,6,3,4,0.5,13.79,9,2.3,1,2.9,4.35,1,1,,,
47,UNIVERSIDAD AUTONOMA DE BAJA CALIFORNIA SUR,44,0.2,43,0.3,1,0,1,0.3,25,0.1,56.82,83,0.13,24,0.1,55.81,83,0.13,1,0,100,0,0,1,0.3,100,0,0,34,0.4,77.3,34,0.5,79.1,0,0,0,0,0,0,34,0.4,77.3,34,0.5,79.1,0,0,0,0,0,0,0,0,0,0,0,0,0,0,0,0,0,0,19,0.2,43.18,33,1.7,19,0.2,44.19,33,1.7,0,0,0,0,0,0,0,0,0,0,,,
48,UNIVERSIDAD DE QUINTANA ROO,43,0.2,40,0.2,7,0.3,0,0,19,0.1,44.19,55,0.09,16,0.1,40,52,0.08,4,0.2,57.14,4,0.14,0,0,0,0,0,35,0.5,81.4,34,0.5,85,5,0.8,71.4,0,0,0,35,0.5,81.4,34,0.5,85,5,0.8,71.4,0,0,0,0,0,0,0,0,0,0,0,0,0,0,0,25,0.3,58.14,118,4.7,23,0.3,57.5,111,4.8,5,0.6,71.43,12,2.4,0,0,0,0,0,,,
49,"SISTEMA UNIVERSIDAD LA SALLE, AC",41,0.2,39,0.2,4,0.2,0,0,16,0.1,39.02,63,0.1,16,0.1,41.03,61,0.1,0,0,0,2,0.07,0,0,0,0,0,28,0.4,68.3,26,0.4,66.7,4,0.6,100,0,0,0,28,0.4,68.3,26,0.4,66.7,4,0.6,100,0,0,0,0,0,0,0,0,0,0,0,0,0,0,0,18,0.2,43.9,40,2.2,17,0.2,43.59,38,2.2,1,0.1,25,2,2,0,0,0,0,0,,,
50,UNIVERSIDAD DE MONTERREY,40,0.2,33,0.2,14,0.7,0,0,27,0.1,67.5,78,0.12,22,0.1,66.67,68,0.11,11,0.5,78.57,15,0.52,0,0,0,0,0,18,0.2,45,16,0.2,48.5,4,0.6,28.6,0,0,0,18,0.2,45,16,0.2,48.5,4,0.6,28.6,0,0,0,0,0,0,0,0,0,0,0,0,0,0,0,20,0.2,50,46,2.3,16,0.2,48.48,37,2.3,6,0.7,42.86,15,2.5,0,0,0,0,0,,,
51,SISTEMA UNIVERSIDAD DEL VALLE DE MEXICO,33,0.2,33,0.2,4,0.2,0,0,15,0.1,45.45,46,0.07,15,0.1,45.45,46,0.07,2,0.1,50,2,0.07,0,0,0,0,0,26,0.3,78.8,26,0.4,78.8,2,0.3,50,0,0,0,26,0.3,78.8,26,0.4,78.8,2,0.3,50,0,0,0,0,0,0,0,0,0,0,0,0,0,0,0,18,0.2,54.55,49,2.7,18,0.2,54.55,49,2.7,3,0.4,75,13,4.3,0,0,0,0,0,,,
52,UNIVERSIDAD AUTONOMA DEL CARMEN,32,0.2,32,0.2,0,0,0,0,13,0.1,40.63,60,0.09,13,0.1,40.63,60,0.1,0,0,0,0,0,0,0,0,0,0,30,0.4,93.8,30,0.4,93.8,0,0,0,0,0,0,30,0.4,93.8,30,0.4,93.8,0,0,0,0,0,0,0,0,0,0,0,0,0,0,0,0,0,0,15,0.2,46.88,32,2.1,15,0.2,46.88,32,2.1,0,0,0,0,0,0,0,0,0,0,,,
53,UNIVERSIDAD POPULAR AUTONOMA DEL ESTADO DE PUEBLA,31,0.2,24,0.1,11,0.5,0,0,14,0.1,45.16,56,0.09,13,0.1,54.17,50,0.08,5,0.2,45.45,11,0.38,0,0,0,0,0,23,0.3,74.2,17,0.2,70.8,9,1.4,81.8,0,0,0,23,0.3,74.2,17,0.2,70.8,9,1.4,81.8,0,0,0,0,0,0,0,0,0,0,0,0,0,0,0,15,0.2,48.39,30,2,11,0.1,45.83,14,1.3,7,0.8,63.64,20,2.9,0,0,0,0,0,,,
54,INSTITUTO TECNOLOGICO Y DE ESTUDIOS SUPERIORES DE OCCIDENTE,26,0.1,24,0.1,3,0.1,0,0,11,0.1,42.31,32,0.05,9,0.1,37.5,30,0.05,2,0.1,66.67,3,0.1,0,0,0,0,0,20,0.3,76.9,20,0.3,83.3,1,0.2,33.3,0,0,0,20,0.3,76.9,20,0.3,83.3,1,0.2,33.3,0,0,0,0,0,0,0,0,0,0,0,0,0,0,0,9,0.1,34.62,22,2.4,8,0.1,33.33,20,2.5,2,0.2,66.67,4,2,0,0,0,0,0,,,
55,UNIVERSIDAD AUTONOMA DE GUADALAJARA,19,0.1,16,0.1,2,0.1,1,0.3,6,0,31.58,19,0.03,5,0,31.25,18,0.03,0,0,0,0,0,1,0.3,100,1,0.3,16,0.2,84.2,14,0.2,87.5,2,0.3,100,0,0,0,16,0.2,84.2,14,0.2,87.5,2,0.3,100,0,0,0,0,0,0,0,0,0,0,0,0,0,0,0,9,0.1,47.37,19,2.1,8,0.1,50,18,2.3,1,0.1,50,1,1,0,0,0,0,0,,,
56,UNIVERSIDAD PEDAGOGICA NACIONAL,6,0,3,0,2,0.1,1,0.3,4,0,66.67,10,0.02,2,0,66.67,6,0.01,1,0,50,3,0.1,1,0.3,100,1,0.3,5,0.1,83.3,2,0,66.7,2,0.3,100,1,3,100,5,0.1,83.3,2,0,66.7,2,0.3,100,1,3.1,100,0,0,0,0,0,0,0,0,0,0,0,0,1,0,16.67,3,3,0,0,0,0,0,1,0.1,50,3,3,0,0,0,0,0,,,
57,UNIVERSIDAD TECNOLOGICA DE MEXICO,5,0,5,0,0,0,0,0,2,0,40,5,0.01,2,0,40,5,0.01,0,0,0,0,0,0,0,0,0,0,5,0.1,100,5,0.1,100,0,0,0,0,0,0,5,0.1,100,5,0.1,100,0,0,0,0,0,0,0,0,0,0,0,0,0,0,0,0,0,0,3,0,60,3,1,3,0,60,3,1,0,0,0,0,0,0,0,0,0,0,,,
58,UNIVERSIDAD DEL EJERCITO Y FUERZA AEREA,5,0,5,0,0,0,0,0,3,0,60,17,0.03,3,0,60,17,0.03,0,0,0,0,0,0,0,0,0,0,3,0,60,3,0,60,0,0,0,0,0,0,3,0,60,3,0,60,0,0,0,0,0,0,0,0,0,0,0,0,0,0,0,0,0,0,3,0,60,12,4,3,0,60,12,4,0,0,0,0,0,0,0,0,0,0,,,
59,UNIVERSIDAD INTERCONTINENTAL,3,0,3,0,1,0,0,0,0,0,0,4,0.01,0,0,0,4,0.01,0,0,0,0,0,0,0,0,0,0,3,0,100,3,0,100,1,0.2,100,0,0,0,3,0,100,3,0,100,1,0.2,100,0,0,0,0,0,0,0,0,0,0,0,0,0,0,0,0,0,0,0,0,0,0,0,0,0,0,0,0,0,0,0,0,0,0,0,,,
60,"UNIVERSIDAD REGIOMONTANA, AC",1,0,0,0,1,0,0,0,1,0,100,2,0,0,0,0,0,0,1,0,100,2,0.07,0,0,0,0,0,0,0,0,0,0,0,0,0,0,0,0,0,0,0,0,0,0,0,0,0,0,0,0,0,0,0,0,0,0,0,0,0,0,0,0,0,0,0,0,0,0,0,0,0,0,0,0,0,0,0,0,0,0,0,0,0,,,
61,UNIVERSIDAD NAVAL (UNINAV),0,0,0,0,0,0,0,0,0,0,0,0,0,0,0,0,0,0,0,0,0,0,0,0,0,0,0,0,0,0,0,0,0,0,0,0,0,0,0,0,0,0,0,0,0,0,0,0,0,0,0,0,0,0,0,0,0,0,0,0,0,0,0,0,0,0,0,0,0,0,0,0,0,0,0,0,0,0,0,0,0,0,0,0,,,
